{"model": [0.12564842402935028, 0.08892914652824402, 0.0831979289650917, 0.08228670805692673, 0.08564914762973785, 0.0953526571393013, 0.1093117892742157, 0.13006433844566345, 0.15024712681770325, 0.17235219478607178, 0.19508112967014313, 0.21641355752944946, 0.23918820917606354, 0.2606200873851776, 0.27891215682029724, 0.29907020926475525, 0.3144414722919464, 0.33412039279937744, 0.3491173982620239, 0.36269068717956543], "model_single_layer_transformer": [0.13918371498584747, 0.09241282939910889, 0.08359085023403168, 0.08277571201324463, 0.08699499070644379, 0.09778112918138504, 0.11320507526397705, 0.13444054126739502, 0.155262291431427, 0.1772998869419098, 0.20199641585350037, 0.22535252571105957, 0.24829532206058502, 0.26870790123939514, 0.28866785764694214, 0.3094658851623535, 0.3262939751148224, 0.3449738025665283, 0.3587801158428192, 0.3760082721710205], "model_vae": [0.30333247780799866, 0.3200998306274414, 0.33794063329696655, 0.3640925884246826, 0.3904769718647003, 0.4185958206653595, 0.44002050161361694, 0.46187642216682434, 0.4782748222351074, 0.49203750491142273, 0.5079672932624817, 0.519733726978302, 0.5377718806266785, 0.541067361831665, 0.5547375679016113, 0.5591103434562683, 0.5664754509925842, 0.5756450891494751, 0.5771839618682861, 0.5854555368423462], "model_vae_single_layer_transformer": [0.3151271939277649, 0.31420376896858215, 0.3264966309070587, 0.35072073340415955, 0.3787328600883484, 0.40926486253738403, 0.4301280379295349, 0.4536152184009552, 0.4696636199951172, 0.4861705005168915, 0.5050753355026245, 0.5159381031990051, 0.5327478051185608, 0.5394688844680786, 0.5467861890792847, 0.5526284575462341, 0.5601837635040283, 0.5701719522476196, 0.5759778022766113, 0.5826566815376282]}