{"model": 24.856956481933594, "model_single_layer_transformer": 26.94089698791504, "model_vae": 86.18058013916016, "model_vae_single_layer_transformer": 89.3139419555664}