{"model": [21.98292350769043, 14.340300559997559, 13.43407917022705, 13.281380653381348, 13.68807315826416, 14.619558334350586, 16.02347755432129, 18.08142852783203, 20.648395538330078, 23.337923049926758, 26.42051887512207, 29.621652603149414, 33.34819412231445, 37.707115173339844, 41.067047119140625, 45.00002670288086, 48.33279800415039, 52.669677734375, 55.95282745361328, 58.46841812133789], "model_single_layer_transformer": [21.327821731567383, 16.639490127563477, 14.898528099060059, 14.581068992614746, 14.713642120361328, 15.887846946716309, 17.2874813079834, 19.435869216918945, 22.553186416625977, 25.458030700683594, 29.034015655517578, 32.70307540893555, 36.36600112915039, 40.38428497314453, 45.23580551147461, 48.895408630371094, 52.23849868774414, 55.964927673339844, 59.8380012512207, 62.868343353271484], "model_vae": [39.20149230957031, 52.6158332824707, 55.64812088012695, 59.33192443847656, 63.002384185791016, 68.69374084472656, 72.3512954711914, 76.72998046875, 80.79139709472656, 85.02607727050781, 86.35516357421875, 91.21097564697266, 94.64981842041016, 95.75718688964844, 99.6708755493164, 100.07467651367188, 102.95051574707031, 105.49016571044922, 103.9454345703125, 105.8687973022461], "model_vae_single_layer_transformer": [53.5693359375, 50.3300666809082, 51.67551803588867, 56.25404739379883, 61.61893844604492, 67.36402893066406, 72.91018676757812, 77.97484588623047, 82.93614196777344, 87.12987518310547, 90.387939453125, 94.40081024169922, 97.01863861083984, 99.4786605834961, 102.1368637084961, 102.08549499511719, 104.48709106445312, 106.8950424194336, 107.47530364990234, 109.40076446533203]}